year,month,day,time,latitude,longitude,url
sample,sample,sample,sample,sample,sample,sample
2019,3,25,15:36:29.126787,27.7196776,85.3147526,"https://www.google.com/maps/@27.7196776,85.3147526,14z?hl=ja"
2019,3,25,15:41:35.915485,27.7196776,85.3147526,"https://www.google.com/maps/@27.7196776,85.3147526,14z?hl=ja"
2019,3,25,15:44:02.514989,27.7196776,85.3147526,"https://www.google.com/maps/@27.7196776,85.3147526,14z?hl=ja"
2019,3,25,15:45:22.806578,27.7196776,85.3147526,"https://www.google.com/maps/@27.7196776,85.3147526,14z?hl=ja"
2019,3,25,15:46:12.492313,27.7196776,85.3147526,"https://www.google.com/maps/@27.7196776,85.3147526,14z?hl=ja"
2019,3,25,15:47:49.832528,27.7196776,85.3147526,"https://www.google.com/maps/@27.7196776,85.3147526,14z?hl=ja"
2019,3,25,15:49:02.896868,27.7196776,85.3147526,"https://www.google.com/maps/@27.7196776,85.3147526,14z?hl=ja"
2019,3,25,16:09:36.458156,27.7196776,85.3147526,"https://www.google.com/maps/@27.7196776,85.3147526,14z?hl=ja"
2019,3,25,16:19:51.691781,27.7196776,85.3147526,"https://www.google.com/maps/@27.7196776,85.3147526,14z?hl=ja"
2019,3,25,16:30:06.766450,27.7196776,85.3147526,"https://www.google.com/maps/@27.7196776,85.3147526,14z?hl=ja"
2019,3,25,16:40:22.721417,27.7196776,85.3147526,"https://www.google.com/maps/@27.7196776,85.3147526,14z?hl=ja"
2019,3,25,16:47:12.329466,33.6031864,130.2168982,"https://www.google.com/maps/@33.6031864,130.2168982,15z?hl=ja"
2019,3,25,16:52:42.985858,33.6031864,130.2168982,"https://www.google.com/maps/@33.6031864,130.2168982,15z?hl=ja"
2019,3,25,16:57:59.389262,33.6031864,130.2168982,"https://www.google.com/maps/@33.6031864,130.2168982,15z?hl=ja"
2019,3,25,17:03:15.646799,33.6031864,130.2168982,"https://www.google.com/maps/@33.6031864,130.2168982,15z?hl=ja"
2019,3,25,17:08:31.192921,33.5952137,130.2373469,"https://www.google.com/maps/@33.5952137,130.2373469,15z?hl=ja"
2019,3,25,17:13:47.223485,33.5952137,130.2373469,"https://www.google.com/maps/@33.5952137,130.2373469,15z?hl=ja"
2019,3,25,17:19:03.480276,33.5952137,130.2373469,"https://www.google.com/maps/@33.5952137,130.2373469,15z?hl=ja"
2019,3,25,17:24:19.079148,33.5902202,130.2448544,"https://www.google.com/maps/@33.5902202,130.2448544,14z?hl=ja"
2019,3,25,17:29:35.726511,33.5902202,130.2448544,"https://www.google.com/maps/@33.5902202,130.2448544,14z?hl=ja"
2019,3,25,17:34:52.041610,33.587239,130.2577884,"https://www.google.com/maps/@33.587239,130.2577884,15z?hl=ja"
2019,3,25,17:40:07.934470,33.587239,130.2577884,"https://www.google.com/maps/@33.587239,130.2577884,15z?hl=ja"
2019,3,25,17:45:24.435481,33.5792621,130.2782231,"https://www.google.com/maps/@33.5792621,130.2782231,15z?hl=ja"
2019,3,25,17:50:39.376585,33.5792621,130.2782231,"https://www.google.com/maps/@33.5792621,130.2782231,15z?hl=ja"
2019,3,25,17:55:55.009568,33.589908,130.3438111,"https://www.google.com/maps/@33.589908,130.3438111,14z?hl=ja"
2019,3,25,18:01:10.875680,33.589908,130.3438111,"https://www.google.com/maps/@33.589908,130.3438111,14z?hl=ja"
2019,3,25,18:06:26.870621,33.5876021,130.4006824,"https://www.google.com/maps/@33.5876021,130.4006824,15z?hl=ja"
2019,3,25,18:11:43.076466,33.5876021,130.4006824,"https://www.google.com/maps/@33.5876021,130.4006824,15z?hl=ja"
2019,3,25,18:16:59.144547,33.5876021,130.4006824,"https://www.google.com/maps/@33.5876021,130.4006824,15z?hl=ja"
2019,3,25,18:22:15.262583,33.5876021,130.4006824,"https://www.google.com/maps/@33.5876021,130.4006824,15z?hl=ja"
2019,3,25,18:27:31.223106,33.5876021,130.4006824,"https://www.google.com/maps/@33.5876021,130.4006824,15z?hl=ja"
2019,3,25,18:32:47.942990,33.5876021,130.4006824,"https://www.google.com/maps/@33.5876021,130.4006824,15z?hl=ja"
2019,3,25,18:38:05.195957,33.5876021,130.4006824,"https://www.google.com/maps/@33.5876021,130.4006824,15z?hl=ja"
2019,3,25,18:43:22.112637,33.5876021,130.4006824,"https://www.google.com/maps/@33.5876021,130.4006824,15z?hl=ja"
2019,3,25,18:48:38.685642,33.5876021,130.4006824,"https://www.google.com/maps/@33.5876021,130.4006824,15z?hl=ja"
2019,3,25,18:53:54.722437,33.5876021,130.4006824,"https://www.google.com/maps/@33.5876021,130.4006824,15z?hl=ja"
2019,3,25,18:59:11.261888,33.5876021,130.4006824,"https://www.google.com/maps/@33.5876021,130.4006824,15z?hl=ja"
2019,3,25,19:04:27.574425,33.5876021,130.4006824,"https://www.google.com/maps/@33.5876021,130.4006824,15z?hl=ja"
2019,3,25,19:09:43.807770,33.5876021,130.4006824,"https://www.google.com/maps/@33.5876021,130.4006824,15z?hl=ja"
2019,3,25,19:15:00.057409,33.5876021,130.4006824,"https://www.google.com/maps/@33.5876021,130.4006824,15z?hl=ja"
2019,3,25,19:20:15.598560,33.5876021,130.4006824,"https://www.google.com/maps/@33.5876021,130.4006824,15z?hl=ja"
2019,3,25,19:25:31.639546,33.5876021,130.4006824,"https://www.google.com/maps/@33.5876021,130.4006824,15z?hl=ja"
2019,3,25,19:30:48.017561,33.5876021,130.4006824,"https://www.google.com/maps/@33.5876021,130.4006824,15z?hl=ja"
2019,3,25,19:36:04.631915,33.5876021,130.4006824,"https://www.google.com/maps/@33.5876021,130.4006824,15z?hl=ja"
2019,3,25,19:41:20.662824,33.5876021,130.4006824,"https://www.google.com/maps/@33.5876021,130.4006824,15z?hl=ja"
2019,3,25,19:46:36.816983,33.5876021,130.4006824,"https://www.google.com/maps/@33.5876021,130.4006824,15z?hl=ja"
2019,3,25,19:51:53.276659,33.5876021,130.4006824,"https://www.google.com/maps/@33.5876021,130.4006824,15z?hl=ja"
2019,3,25,19:57:09.794176,33.5876021,130.4006824,"https://www.google.com/maps/@33.5876021,130.4006824,15z?hl=ja"
2019,3,25,20:02:26.013144,33.5876021,130.4006824,"https://www.google.com/maps/@33.5876021,130.4006824,15z?hl=ja"
2019,3,25,20:07:42.135977,33.5876021,130.4006824,"https://www.google.com/maps/@33.5876021,130.4006824,15z?hl=ja"
2019,3,25,20:12:58.202970,33.5876021,130.4006824,"https://www.google.com/maps/@33.5876021,130.4006824,15z?hl=ja"
2019,3,25,20:18:14.585474,33.5876021,130.4006824,"https://www.google.com/maps/@33.5876021,130.4006824,15z?hl=ja"
2019,3,25,20:23:30.826536,33.5876021,130.4006824,"https://www.google.com/maps/@33.5876021,130.4006824,15z?hl=ja"
2019,3,25,20:28:47.530595,33.5876021,130.4006824,"https://www.google.com/maps/@33.5876021,130.4006824,15z?hl=ja"
2019,3,25,20:34:03.523134,33.5876021,130.4006824,"https://www.google.com/maps/@33.5876021,130.4006824,15z?hl=ja"
2019,3,25,20:39:20.053364,33.5876021,130.4006824,"https://www.google.com/maps/@33.5876021,130.4006824,15z?hl=ja"
2019,3,25,20:44:36.192973,33.5876021,130.4006824,"https://www.google.com/maps/@33.5876021,130.4006824,15z?hl=ja"
2019,3,25,20:49:52.551200,33.5876021,130.4006824,"https://www.google.com/maps/@33.5876021,130.4006824,15z?hl=ja"
2019,3,25,20:55:07.424256,33.5876021,130.4006824,"https://www.google.com/maps/@33.5876021,130.4006824,15z?hl=ja"
2019,3,25,21:00:23.693439,33.5876021,130.4006824,"https://www.google.com/maps/@33.5876021,130.4006824,15z?hl=ja"
2019,3,25,21:05:40.110894,33.5876021,130.4006824,"https://www.google.com/maps/@33.5876021,130.4006824,15z?hl=ja"
2019,3,25,21:10:56.658802,33.5876021,130.4006824,"https://www.google.com/maps/@33.5876021,130.4006824,15z?hl=ja"
2019,3,25,21:16:13.313597,33.5876021,130.4006824,"https://www.google.com/maps/@33.5876021,130.4006824,15z?hl=ja"
2019,3,25,21:21:29.613984,33.5876021,130.4006824,"https://www.google.com/maps/@33.5876021,130.4006824,15z?hl=ja"
2019,3,25,21:26:45.519607,33.5876021,130.4006824,"https://www.google.com/maps/@33.5876021,130.4006824,15z?hl=ja"
2019,3,25,21:32:01.651067,33.5876021,130.4006824,"https://www.google.com/maps/@33.5876021,130.4006824,15z?hl=ja"
2019,3,25,21:37:18.087142,33.5876021,130.4006824,"https://www.google.com/maps/@33.5876021,130.4006824,15z?hl=ja"
2019,3,25,21:42:34.665297,33.595598,130.3802902,"https://www.google.com/maps/@33.595598,130.3802902,15z?hl=ja"
2019,3,25,21:47:51.029027,33.595598,130.3802902,"https://www.google.com/maps/@33.595598,130.3802902,15z?hl=ja"
2019,3,25,21:53:06.874842,33.5820625,130.319071,"https://www.google.com/maps/@33.5820625,130.319071,15z?hl=ja"
2019,3,25,21:58:22.929376,33.5820625,130.319071,"https://www.google.com/maps/@33.5820625,130.319071,15z?hl=ja"
2019,3,25,22:03:39.579035,33.587239,130.2577884,"https://www.google.com/maps/@33.587239,130.2577884,15z?hl=ja"
2019,3,25,22:08:55.751652,33.587239,130.2577884,"https://www.google.com/maps/@33.587239,130.2577884,15z?hl=ja"
2019,3,25,22:14:12.047767,33.5684687,130.2577884,"https://www.google.com/maps/@33.5684687,130.2577884,15z?hl=ja"
2019,3,25,22:19:28.071930,33.5684687,130.2577884,"https://www.google.com/maps/@33.5684687,130.2577884,15z?hl=ja"
2019,3,25,22:24:44.307343,33.5684687,130.2577884,"https://www.google.com/maps/@33.5684687,130.2577884,15z?hl=ja"
2019,3,25,22:30:00.197047,33.5684687,130.2577884,"https://www.google.com/maps/@33.5684687,130.2577884,15z?hl=ja"
2019,3,25,22:35:16.539966,33.5684687,130.2577884,"https://www.google.com/maps/@33.5684687,130.2577884,15z?hl=ja"
2019,3,25,22:40:32.975436,33.5684687,130.2577884,"https://www.google.com/maps/@33.5684687,130.2577884,15z?hl=ja"
2019,3,25,22:45:49.554622,33.5952137,130.2368951,"https://www.google.com/maps/@33.5952137,130.2368951,15z?hl=ja"
2019,3,25,22:51:05.695332,33.5952137,130.2368951,"https://www.google.com/maps/@33.5952137,130.2368951,15z?hl=ja"
2019,3,25,22:56:21.447383,33.5952137,130.2368951,"https://www.google.com/maps/@33.5952137,130.2368951,15z?hl=ja"
2019,3,25,23:01:37.819342,33.5952137,130.2368951,"https://www.google.com/maps/@33.5952137,130.2368951,15z?hl=ja"
2019,3,25,23:06:53.979725,33.5952137,130.2368951,"https://www.google.com/maps/@33.5952137,130.2368951,15z?hl=ja"
2019,3,25,23:12:10.333375,33.5952137,130.2368951,"https://www.google.com/maps/@33.5952137,130.2368951,15z?hl=ja"
2019,3,25,23:17:26.654698,33.5952137,130.2368951,"https://www.google.com/maps/@33.5952137,130.2368951,15z?hl=ja"
2019,3,25,23:22:42.739769,33.5952137,130.2368951,"https://www.google.com/maps/@33.5952137,130.2368951,15z?hl=ja"
2019,3,25,23:27:59.137907,33.5952137,130.2368951,"https://www.google.com/maps/@33.5952137,130.2368951,15z?hl=ja"
2019,3,25,23:33:15.591018,33.5952137,130.2368951,"https://www.google.com/maps/@33.5952137,130.2368951,15z?hl=ja"
2019,3,25,23:38:31.921563,33.5952137,130.2368951,"https://www.google.com/maps/@33.5952137,130.2368951,15z?hl=ja"
2019,3,25,23:43:48.143429,33.5952137,130.2373469,"https://www.google.com/maps/@33.5952137,130.2373469,15z?hl=ja"
2019,3,25,23:49:04.335671,33.5952137,130.2373469,"https://www.google.com/maps/@33.5952137,130.2373469,15z?hl=ja"
2019,3,25,23:54:20.330530,33.5952137,130.2373469,"https://www.google.com/maps/@33.5952137,130.2373469,15z?hl=ja"
2019,3,25,23:59:36.905535,33.5952137,130.2373469,"https://www.google.com/maps/@33.5952137,130.2373469,15z?hl=ja"
2019,3,26,00:04:53.057988,33.5952137,130.2373469,"https://www.google.com/maps/@33.5952137,130.2373469,15z?hl=ja"
2019,3,26,00:10:09.477144,33.5952137,130.2373469,"https://www.google.com/maps/@33.5952137,130.2373469,15z?hl=ja"
2019,3,26,00:15:26.469511,33.5952137,130.2373469,"https://www.google.com/maps/@33.5952137,130.2373469,15z?hl=ja"
2019,3,26,00:20:43.036792,33.5952137,130.2373469,"https://www.google.com/maps/@33.5952137,130.2373469,15z?hl=ja"
2019,3,26,00:25:59.355827,33.5952137,130.2373469,"https://www.google.com/maps/@33.5952137,130.2373469,15z?hl=ja"
2019,3,26,00:31:15.331552,33.5952137,130.2373469,"https://www.google.com/maps/@33.5952137,130.2373469,15z?hl=ja"
2019,3,26,00:36:31.800851,33.5952137,130.2373469,"https://www.google.com/maps/@33.5952137,130.2373469,15z?hl=ja"
2019,3,26,00:41:48.210416,33.5952137,130.2373469,"https://www.google.com/maps/@33.5952137,130.2373469,15z?hl=ja"
2019,3,26,00:47:04.890203,33.5952137,130.2373469,"https://www.google.com/maps/@33.5952137,130.2373469,15z?hl=ja"
2019,3,26,00:52:21.152069,33.5952137,130.2373469,"https://www.google.com/maps/@33.5952137,130.2373469,15z?hl=ja"
2019,3,26,00:57:37.415642,33.5952137,130.2373469,"https://www.google.com/maps/@33.5952137,130.2373469,15z?hl=ja"
2019,3,26,01:02:54.114131,33.5952137,130.2373469,"https://www.google.com/maps/@33.5952137,130.2373469,15z?hl=ja"
2019,3,26,01:08:10.491049,33.5952137,130.2373469,"https://www.google.com/maps/@33.5952137,130.2373469,15z?hl=ja"
2019,3,26,01:13:27.088761,33.5952137,130.2373469,"https://www.google.com/maps/@33.5952137,130.2373469,15z?hl=ja"
2019,3,26,01:18:43.642798,33.5952137,130.2373469,"https://www.google.com/maps/@33.5952137,130.2373469,15z?hl=ja"
2019,3,26,01:24:00.111583,33.5952137,130.2373469,"https://www.google.com/maps/@33.5952137,130.2373469,15z?hl=ja"
2019,3,26,01:29:16.384403,33.5952137,130.2373469,"https://www.google.com/maps/@33.5952137,130.2373469,15z?hl=ja"
2019,3,26,01:34:32.735258,33.5952137,130.2373469,"https://www.google.com/maps/@33.5952137,130.2373469,15z?hl=ja"
2019,3,26,01:39:49.214285,33.5952137,130.2373469,"https://www.google.com/maps/@33.5952137,130.2373469,15z?hl=ja"
2019,3,26,01:45:05.618742,33.5952137,130.2373469,"https://www.google.com/maps/@33.5952137,130.2373469,15z?hl=ja"
2019,3,26,01:50:22.091567,33.5952137,130.2373469,"https://www.google.com/maps/@33.5952137,130.2373469,15z?hl=ja"
2019,3,26,01:55:38.733215,33.5952137,130.2373469,"https://www.google.com/maps/@33.5952137,130.2373469,15z?hl=ja"
2019,3,26,02:00:55.496609,33.5952137,130.2373469,"https://www.google.com/maps/@33.5952137,130.2373469,15z?hl=ja"
2019,3,26,02:06:11.895448,33.5952137,130.2373469,"https://www.google.com/maps/@33.5952137,130.2373469,15z?hl=ja"
2019,3,26,02:11:28.498736,33.5952137,130.2373469,"https://www.google.com/maps/@33.5952137,130.2373469,15z?hl=ja"
2019,3,26,02:16:44.879486,33.5952137,130.2373469,"https://www.google.com/maps/@33.5952137,130.2373469,15z?hl=ja"
2019,3,26,02:22:01.338159,33.5952137,130.2373469,"https://www.google.com/maps/@33.5952137,130.2373469,15z?hl=ja"
2019,3,26,02:27:18.066673,33.5952137,130.2373469,"https://www.google.com/maps/@33.5952137,130.2373469,15z?hl=ja"
2019,3,26,02:32:34.266066,33.5952137,130.2373469,"https://www.google.com/maps/@33.5952137,130.2373469,15z?hl=ja"
2019,3,26,02:37:50.755829,33.5952137,130.2373469,"https://www.google.com/maps/@33.5952137,130.2373469,15z?hl=ja"
2019,3,26,02:43:07.185575,33.5952137,130.2373469,"https://www.google.com/maps/@33.5952137,130.2373469,15z?hl=ja"
2019,3,26,02:48:23.885023,33.5952137,130.2373469,"https://www.google.com/maps/@33.5952137,130.2373469,15z?hl=ja"
2019,3,26,02:53:40.493470,33.5952137,130.2373469,"https://www.google.com/maps/@33.5952137,130.2373469,15z?hl=ja"
2019,3,26,02:58:57.011091,33.5952137,130.2373469,"https://www.google.com/maps/@33.5952137,130.2373469,15z?hl=ja"
2019,3,26,03:04:13.570459,33.5952137,130.2373469,"https://www.google.com/maps/@33.5952137,130.2373469,15z?hl=ja"
2019,3,26,03:09:30.244804,33.5952137,130.2373469,"https://www.google.com/maps/@33.5952137,130.2373469,15z?hl=ja"
2019,3,26,03:14:46.530364,33.5952137,130.2373469,"https://www.google.com/maps/@33.5952137,130.2373469,15z?hl=ja"
2019,3,26,03:20:03.171662,33.5952137,130.2373469,"https://www.google.com/maps/@33.5952137,130.2373469,15z?hl=ja"
2019,3,26,03:25:20.192529,33.5952137,130.2373469,"https://www.google.com/maps/@33.5952137,130.2373469,15z?hl=ja"
2019,3,26,03:30:37.011353,33.5952137,130.2373469,"https://www.google.com/maps/@33.5952137,130.2373469,15z?hl=ja"
2019,3,26,03:35:53.518594,33.5952137,130.2373469,"https://www.google.com/maps/@33.5952137,130.2373469,15z?hl=ja"
2019,3,26,03:41:10.265529,33.5952137,130.2373469,"https://www.google.com/maps/@33.5952137,130.2373469,15z?hl=ja"
2019,3,26,03:46:27.062339,33.5952137,130.2373469,"https://www.google.com/maps/@33.5952137,130.2373469,15z?hl=ja"
2019,3,26,03:51:43.885571,33.5952137,130.2373469,"https://www.google.com/maps/@33.5952137,130.2373469,15z?hl=ja"
2019,3,26,03:57:00.582188,33.5952137,130.2373469,"https://www.google.com/maps/@33.5952137,130.2373469,15z?hl=ja"
2019,3,26,04:02:16.433060,33.5952137,130.2373468,"https://www.google.com/maps/@33.5952137,130.2373468,15z?hl=ja"
2019,3,26,04:07:33.178324,33.5952137,130.2373469,"https://www.google.com/maps/@33.5952137,130.2373469,15z?hl=ja"
2019,3,26,04:12:50.176212,33.5952137,130.2373469,"https://www.google.com/maps/@33.5952137,130.2373469,15z?hl=ja"
2019,3,26,04:18:07.282198,33.5952137,130.2373469,"https://www.google.com/maps/@33.5952137,130.2373469,15z?hl=ja"
2019,3,26,04:23:24.067756,33.5952137,130.2373469,"https://www.google.com/maps/@33.5952137,130.2373469,15z?hl=ja"
2019,3,26,04:28:40.903989,33.5952137,130.2373468,"https://www.google.com/maps/@33.5952137,130.2373468,15z?hl=ja"
2019,3,26,04:33:57.448653,33.5952137,130.2373469,"https://www.google.com/maps/@33.5952137,130.2373469,15z?hl=ja"
2019,3,26,04:39:14.061136,33.5952137,130.2373469,"https://www.google.com/maps/@33.5952137,130.2373469,15z?hl=ja"
2019,3,26,04:44:30.800519,33.5952137,130.2373469,"https://www.google.com/maps/@33.5952137,130.2373469,14z?hl=ja"
2019,3,26,04:49:47.815089,33.5952137,130.2373468,"https://www.google.com/maps/@33.5952137,130.2373468,14z?hl=ja"
2019,3,26,04:55:04.684987,33.5952137,130.2373469,"https://www.google.com/maps/@33.5952137,130.2373469,14z?hl=ja"
2019,3,26,05:00:22.129716,33.5952137,130.2373469,"https://www.google.com/maps/@33.5952137,130.2373469,14z?hl=ja"
2019,3,26,05:05:39.106478,33.5952137,130.2373468,"https://www.google.com/maps/@33.5952137,130.2373468,14z?hl=ja"
2019,3,26,05:10:56.127622,33.5952137,130.2373468,"https://www.google.com/maps/@33.5952137,130.2373468,14z?hl=ja"
2019,3,26,05:16:12.726981,33.5952137,130.2373469,"https://www.google.com/maps/@33.5952137,130.2373469,14z?hl=ja"
2019,3,26,05:21:30.611056,33.5952137,130.2373468,"https://www.google.com/maps/@33.5952137,130.2373468,14z?hl=ja"
2019,3,26,05:26:47.428402,33.5952137,130.2373469,"https://www.google.com/maps/@33.5952137,130.2373469,14z?hl=ja"
2019,3,26,05:32:04.186230,33.5952137,130.2373469,"https://www.google.com/maps/@33.5952137,130.2373469,14z?hl=ja"
2019,3,26,05:37:21.070864,33.5952137,130.2373469,"https://www.google.com/maps/@33.5952137,130.2373469,14z?hl=ja"
2019,3,26,05:42:37.854635,33.5952137,130.2373468,"https://www.google.com/maps/@33.5952137,130.2373468,14z?hl=ja"
2019,3,26,05:47:54.709150,33.5952137,130.2373469,"https://www.google.com/maps/@33.5952137,130.2373469,14z?hl=ja"
2019,3,26,05:53:11.672566,33.5952137,130.2373469,"https://www.google.com/maps/@33.5952137,130.2373469,14z?hl=ja"
2019,3,26,05:58:28.955630,33.5952137,130.2373469,"https://www.google.com/maps/@33.5952137,130.2373469,14z?hl=ja"
2019,3,26,06:03:46.078596,33.5952137,130.2373469,"https://www.google.com/maps/@33.5952137,130.2373469,14z?hl=ja"
2019,3,26,06:09:02.722064,33.5952137,130.2373469,"https://www.google.com/maps/@33.5952137,130.2373469,14z?hl=ja"
2019,3,26,06:14:20.489948,33.5952137,130.2373469,"https://www.google.com/maps/@33.5952137,130.2373469,14z?hl=ja"
2019,3,26,06:19:37.541319,33.5952137,130.2373469,"https://www.google.com/maps/@33.5952137,130.2373469,14z?hl=ja"
2019,3,26,06:24:54.535718,33.5952137,130.2373469,"https://www.google.com/maps/@33.5952137,130.2373469,14z?hl=ja"
2019,3,26,06:30:11.469187,33.5952137,130.2373469,"https://www.google.com/maps/@33.5952137,130.2373469,14z?hl=ja"
2019,3,26,06:35:28.502175,33.5952137,130.2373469,"https://www.google.com/maps/@33.5952137,130.2373469,14z?hl=ja"
2019,3,26,06:40:45.411711,33.5952137,130.2373469,"https://www.google.com/maps/@33.5952137,130.2373469,14z?hl=ja"
2019,3,26,06:46:02.010912,33.5952137,130.2373469,"https://www.google.com/maps/@33.5952137,130.2373469,14z?hl=ja"
2019,3,26,06:51:19.136411,33.5952137,130.2373469,"https://www.google.com/maps/@33.5952137,130.2373469,14z?hl=ja"
2019,3,26,06:56:36.185201,33.5952137,130.2373469,"https://www.google.com/maps/@33.5952137,130.2373469,14z?hl=ja"
2019,3,26,07:01:52.823492,33.5952137,130.2373469,"https://www.google.com/maps/@33.5952137,130.2373469,14z?hl=ja"
2019,3,26,07:07:09.485405,33.5952137,130.2373469,"https://www.google.com/maps/@33.5952137,130.2373469,14z?hl=ja"
2019,3,26,07:12:26.091986,33.5952137,130.2373469,"https://www.google.com/maps/@33.5952137,130.2373469,14z?hl=ja"
2019,3,26,07:17:43.118112,33.5952137,130.2373469,"https://www.google.com/maps/@33.5952137,130.2373469,14z?hl=ja"
2019,3,26,07:23:00.216790,33.5952137,130.2373469,"https://www.google.com/maps/@33.5952137,130.2373469,14z?hl=ja"
2019,3,26,07:28:16.991275,33.5952137,130.2373468,"https://www.google.com/maps/@33.5952137,130.2373468,14z?hl=ja"
2019,3,26,07:33:33.428902,33.5952138,130.2373469,"https://www.google.com/maps/@33.5952138,130.2373469,14z?hl=ja"
2019,3,26,07:38:49.770621,33.5952137,130.2373469,"https://www.google.com/maps/@33.5952137,130.2373469,14z?hl=ja"
2019,3,26,07:44:06.396406,33.5952137,130.2373469,"https://www.google.com/maps/@33.5952137,130.2373469,14z?hl=ja"
2019,3,26,07:49:22.561625,33.6032526,130.2168982,"https://www.google.com/maps/@33.6032526,130.2168982,15z?hl=ja"
2019,3,26,07:54:39.216310,33.5952137,130.2373469,"https://www.google.com/maps/@33.5952137,130.2373469,15z?hl=ja"
2019,3,26,07:59:55.733738,33.5952137,130.2373469,"https://www.google.com/maps/@33.5952137,130.2373469,15z?hl=ja"
2019,3,26,08:05:11.547664,33.5952137,130.2373469,"https://www.google.com/maps/@33.5952137,130.2373469,15z?hl=ja"
2019,3,26,08:10:28.069173,33.5952137,130.2373469,"https://www.google.com/maps/@33.5952137,130.2373469,15z?hl=ja"
2019,3,26,08:15:44.857967,33.5952137,130.2373469,"https://www.google.com/maps/@33.5952137,130.2373469,15z?hl=ja"
2019,3,26,08:21:01.471961,33.5952137,130.2373469,"https://www.google.com/maps/@33.5952137,130.2373469,15z?hl=ja"
2019,3,26,08:26:19.204682,33.5952137,130.2373469,"https://www.google.com/maps/@33.5952137,130.2373469,15z?hl=ja"
2019,3,26,08:31:36.639339,33.5952137,130.2373469,"https://www.google.com/maps/@33.5952137,130.2373469,15z?hl=ja"
2019,3,26,08:36:53.310945,33.5952137,130.2373469,"https://www.google.com/maps/@33.5952137,130.2373469,15z?hl=ja"
2019,3,26,08:42:09.593486,33.5952137,130.2373469,"https://www.google.com/maps/@33.5952137,130.2373469,15z?hl=ja"
2019,3,26,08:47:26.060055,33.5952137,130.2373469,"https://www.google.com/maps/@33.5952137,130.2373469,15z?hl=ja"
2019,3,26,08:52:42.757185,33.5952137,130.2373469,"https://www.google.com/maps/@33.5952137,130.2373469,15z?hl=ja"
2019,3,26,08:57:59.320934,33.5952137,130.2373469,"https://www.google.com/maps/@33.5952137,130.2373469,15z?hl=ja"
2019,3,26,09:03:15.707895,33.5952137,130.2373469,"https://www.google.com/maps/@33.5952137,130.2373469,15z?hl=ja"
2019,3,26,09:08:31.728941,33.5952137,130.2373469,"https://www.google.com/maps/@33.5952137,130.2373469,15z?hl=ja"
2019,3,26,09:13:48.227786,33.5952137,130.2373469,"https://www.google.com/maps/@33.5952137,130.2373469,15z?hl=ja"
2019,3,26,09:19:04.655786,33.5952137,130.2373469,"https://www.google.com/maps/@33.5952137,130.2373469,15z?hl=ja"
2019,3,26,09:24:20.977497,33.5952137,130.2373469,"https://www.google.com/maps/@33.5952137,130.2373469,15z?hl=ja"
2019,3,26,09:29:37.425907,33.5952137,130.2373469,"https://www.google.com/maps/@33.5952137,130.2373469,15z?hl=ja"
2019,3,26,09:34:53.611524,33.5952137,130.2373469,"https://www.google.com/maps/@33.5952137,130.2373469,15z?hl=ja"
2019,3,26,09:40:10.409547,33.5952137,130.2373469,"https://www.google.com/maps/@33.5952137,130.2373469,15z?hl=ja"
2019,3,26,09:45:26.283852,33.5952137,130.2373469,"https://www.google.com/maps/@33.5952137,130.2373469,15z?hl=ja"
2019,3,26,09:50:42.945473,33.5952137,130.2373469,"https://www.google.com/maps/@33.5952137,130.2373469,15z?hl=ja"
2019,3,26,09:55:59.255328,33.5952137,130.2373469,"https://www.google.com/maps/@33.5952137,130.2373469,15z?hl=ja"
2019,3,26,10:01:15.384927,33.6032526,130.2168982,"https://www.google.com/maps/@33.6032526,130.2168982,15z?hl=ja"
2019,3,26,10:06:32.126889,33.5952137,130.2373469,"https://www.google.com/maps/@33.5952137,130.2373469,15z?hl=ja"
2019,3,26,10:11:49.005770,33.5952137,130.2373469,"https://www.google.com/maps/@33.5952137,130.2373469,15z?hl=ja"
2019,3,26,10:17:05.602053,33.5764413,130.2373469,"https://www.google.com/maps/@33.5764413,130.2373469,15z?hl=ja"
2019,3,26,10:22:22.236318,33.5764413,130.2373469,"https://www.google.com/maps/@33.5764413,130.2373469,15z?hl=ja"
2019,3,26,10:27:38.972741,33.5764413,130.2373469,"https://www.google.com/maps/@33.5764413,130.2373469,15z?hl=ja"
2019,3,26,10:32:55.550274,33.5576655,130.2373469,"https://www.google.com/maps/@33.5576655,130.2373469,15z?hl=ja"
2019,3,26,10:38:12.525939,33.5764413,130.2373469,"https://www.google.com/maps/@33.5764413,130.2373469,15z?hl=ja"
2019,3,26,10:43:29.077110,33.5764413,130.2373469,"https://www.google.com/maps/@33.5764413,130.2373469,15z?hl=ja"
2019,3,26,10:48:45.808420,33.5764413,130.2373469,"https://www.google.com/maps/@33.5764413,130.2373469,15z?hl=ja"
2019,3,26,10:54:02.237270,33.5952137,130.2373469,"https://www.google.com/maps/@33.5952137,130.2373469,15z?hl=ja"
2019,3,26,10:59:19.541265,33.5952137,130.2373469,"https://www.google.com/maps/@33.5952137,130.2373469,15z?hl=ja"
2019,3,26,11:04:35.348039,33.5952137,130.2373469,"https://www.google.com/maps/@33.5952137,130.2373469,15z?hl=ja"
2019,3,26,11:09:52.052967,33.5952137,130.2373469,"https://www.google.com/maps/@33.5952137,130.2373469,15z?hl=ja"
2019,3,26,11:15:09.835123,33.5952137,130.2373469,"https://www.google.com/maps/@33.5952137,130.2373469,15z?hl=ja"
2019,3,26,11:20:26.843559,33.5952137,130.2373469,"https://www.google.com/maps/@33.5952137,130.2373469,15z?hl=ja"
2019,3,26,11:25:43.707329,33.5952137,130.2373469,"https://www.google.com/maps/@33.5952137,130.2373469,15z?hl=ja"
2019,3,26,11:31:00.572004,33.5952137,130.2373469,"https://www.google.com/maps/@33.5952137,130.2373469,15z?hl=ja"
2019,3,26,11:36:17.842568,33.5952137,130.2373469,"https://www.google.com/maps/@33.5952137,130.2373469,15z?hl=ja"
2019,3,26,11:41:34.374529,33.5952137,130.2373469,"https://www.google.com/maps/@33.5952137,130.2373469,15z?hl=ja"
2019,3,26,11:46:51.066553,33.5952137,130.2373469,"https://www.google.com/maps/@33.5952137,130.2373469,15z?hl=ja"
2019,3,26,11:52:07.170097,33.6032526,130.2168982,"https://www.google.com/maps/@33.6032526,130.2168982,15z?hl=ja"
2019,3,26,11:57:23.970824,33.5952137,130.2373469,"https://www.google.com/maps/@33.5952137,130.2373469,15z?hl=ja"
2019,3,26,12:02:40.924187,33.5952137,130.2373469,"https://www.google.com/maps/@33.5952137,130.2373469,15z?hl=ja"
2019,3,26,12:07:57.264972,33.5952137,130.2373469,"https://www.google.com/maps/@33.5952137,130.2373469,15z?hl=ja"
2019,3,26,12:13:14.504953,33.5952137,130.2373469,"https://www.google.com/maps/@33.5952137,130.2373469,15z?hl=ja"
2019,3,26,12:18:31.200811,33.5952137,130.2373469,"https://www.google.com/maps/@33.5952137,130.2373469,15z?hl=ja"
2019,3,26,12:23:47.989192,33.5952137,130.2373469,"https://www.google.com/maps/@33.5952137,130.2373469,15z?hl=ja"
2019,3,26,12:29:06.255169,33.5952137,130.2373469,"https://www.google.com/maps/@33.5952137,130.2373469,15z?hl=ja"
2019,3,26,12:34:23.537342,33.5764413,130.2373469,"https://www.google.com/maps/@33.5764413,130.2373469,15z?hl=ja"
2019,3,26,12:39:40.297170,33.5764413,130.2373469,"https://www.google.com/maps/@33.5764413,130.2373469,15z?hl=ja"
2019,3,26,12:44:57.583279,33.5764413,130.2373469,"https://www.google.com/maps/@33.5764413,130.2373469,15z?hl=ja"
2019,3,26,12:50:14.357142,33.5764413,130.2373469,"https://www.google.com/maps/@33.5764413,130.2373469,15z?hl=ja"
2019,3,26,12:55:32.085015,33.5764413,130.2373469,"https://www.google.com/maps/@33.5764413,130.2373469,15z?hl=ja"
2019,3,26,13:00:49.765682,33.5764413,130.2373469,"https://www.google.com/maps/@33.5764413,130.2373469,15z?hl=ja"
2019,3,26,13:06:06.307090,33.5658343,130.2317569,"https://www.google.com/maps/@33.5658343,130.2317569,14z?hl=ja"
2019,3,26,13:11:23.323394,33.5658343,130.2317569,"https://www.google.com/maps/@33.5658343,130.2317569,14z?hl=ja"
2019,3,26,13:16:39.677757,33.5658343,130.2317569,"https://www.google.com/maps/@33.5658343,130.2317569,14z?hl=ja"
2019,3,26,13:21:56.288921,33.6032526,130.2168982,"https://www.google.com/maps/@33.6032526,130.2168982,15z?hl=ja"
2019,3,26,13:27:13.181006,33.5764413,130.2373469,"https://www.google.com/maps/@33.5764413,130.2373469,15z?hl=ja"
2019,3,26,13:32:30.127024,33.5764413,130.2373469,"https://www.google.com/maps/@33.5764413,130.2373469,15z?hl=ja"
2019,3,26,13:37:46.993872,33.5764413,130.2373469,"https://www.google.com/maps/@33.5764413,130.2373469,15z?hl=ja"
2019,3,26,13:43:03.460306,33.5764413,130.2373469,"https://www.google.com/maps/@33.5764413,130.2373469,15z?hl=ja"
2019,3,26,13:48:19.333544,33.5764413,130.2373469,"https://www.google.com/maps/@33.5764413,130.2373469,15z?hl=ja"
2019,3,26,13:53:36.562921,33.5764413,130.2373469,"https://www.google.com/maps/@33.5764413,130.2373469,15z?hl=ja"
2019,3,26,13:58:53.082062,33.5952137,130.2373469,"https://www.google.com/maps/@33.5952137,130.2373469,15z?hl=ja"
2019,3,26,14:04:10.425392,33.5952137,130.2373469,"https://www.google.com/maps/@33.5952137,130.2373469,15z?hl=ja"
2019,3,26,14:09:36.089368,33.5952137,130.2373469,"https://www.google.com/maps/@33.5952137,130.2373469,15z?hl=ja"
2019,3,26,14:14:53.386271,33.5952137,130.2373469,"https://www.google.com/maps/@33.5952137,130.2373469,15z?hl=ja"
2019,3,26,14:20:11.868663,33.5952137,130.2373469,"https://www.google.com/maps/@33.5952137,130.2373469,15z?hl=ja"
2019,3,26,14:25:28.415734,33.5952137,130.2373469,"https://www.google.com/maps/@33.5952137,130.2373469,15z?hl=ja"
2019,3,26,14:30:45.012657,33.5952137,130.2373469,"https://www.google.com/maps/@33.5952137,130.2373469,15z?hl=ja"
2019,3,26,14:36:02.498597,33.5952137,130.2373469,"https://www.google.com/maps/@33.5952137,130.2373469,15z?hl=ja"
2019,3,26,14:41:19.620369,33.5952137,130.2373469,"https://www.google.com/maps/@33.5952137,130.2373469,15z?hl=ja"
2019,3,26,14:46:37.106739,33.5952137,130.2373469,"https://www.google.com/maps/@33.5952137,130.2373469,15z?hl=ja"
2019,3,26,14:51:54.642519,33.5952137,130.2373469,"https://www.google.com/maps/@33.5952137,130.2373469,15z?hl=ja"
2019,3,26,14:57:10.929753,33.5952137,130.2373469,"https://www.google.com/maps/@33.5952137,130.2373469,15z?hl=ja"
2019,3,26,15:02:28.225538,33.5952137,130.2373469,"https://www.google.com/maps/@33.5952137,130.2373469,15z?hl=ja"
